<PicketLink xmlns="urn:picketlink:identity-federation:config:2.1">
	<PicketLinkSP xmlns="urn:picketlink:identity-federation:config:2.1"
		ServerEnvironment="tomcat" BindingType="POST" SupportsSignatures="true">
		<IdentityURL>http://localhost:8080/idp-default/</IdentityURL>
		<ServiceURL>http://localhost:8080/service-provider/</ServiceURL>
		<KeyProvider
			ClassName="org.picketlink.identity.federation.core.impl.KeyStoreKeyManager">
			<Auth Key="KeyStoreURL" Value="/jbid_test_keystore.jks" />
			<Auth Key="KeyStorePass" Value="store123" />
			<Auth Key="SigningKeyPass" Value="test123" />
			<Auth Key="SigningKeyAlias" Value="servercert" />
			<ValidatingAlias Key="localhost" Value="servercert" />
			<ValidatingAlias Key="127.0.0.1" Value="servercert" />
		</KeyProvider>

	</PicketLinkSP>
	<Handlers xmlns="urn:picketlink:identity-federation:handler:config:2.1">
		<Handler
			class="org.picketlink.identity.federation.web.handlers.saml2.SAML2LogOutHandler" />
        <!-- This custom handler is responsible to dynamically choose an IdP based on an incoming request. -->
		<Handler
			class="org.picketlink.quickstarts.federation.saml.DynamicIdPSAML2AuthenticationHandler" />
		<Handler
			class="org.picketlink.identity.federation.web.handlers.saml2.RolesGenerationHandler" />
		<Handler
			class="org.picketlink.identity.federation.web.handlers.saml2.SAML2SignatureGenerationHandler" />
		<Handler
			class="org.picketlink.identity.federation.web.handlers.saml2.SAML2SignatureValidationHandler" />
	</Handlers>
</PicketLink>
