<PicketLink xmlns="urn:picketlink:identity-federation:config:2.1">
	<PicketLinkSP xmlns="urn:picketlink:identity-federation:config:2.1"
		ServerEnvironment="tomcat" BindingType="POST" SupportsSignatures="true">
		<KeyProvider
			ClassName="org.picketlink.identity.federation.core.impl.KeyStoreKeyManager">
			<Auth Key="KeyStoreURL" Value="/jbid_test_keystore.jks" />
			<Auth Key="KeyStorePass" Value="store123" />
			<Auth Key="SigningKeyPass" Value="test123" />
			<Auth Key="SigningKeyAlias" Value="servercert" />
			<Auth Key="EncryptionKeyPass" Value="test123" />
			<Auth Key="EncryptionKeyAlias" Value="servercert2" />
		</KeyProvider>
        <MetaDataProvider ClassName="org.picketlink.identity.federation.core.saml.md.providers.FileBasedEntitiesMetadataProvider">
            <Option Key="FileName" Value="/WEB-INF/classes/idp-metadata.xml"/>
        </MetaDataProvider>
	</PicketLinkSP>
	<Handlers xmlns="urn:picketlink:identity-federation:handler:config:2.1">
		<Handler
			class="org.picketlink.identity.federation.web.handlers.saml2.SAML2LogOutHandler" />
		<Handler
			class="org.picketlink.identity.federation.web.handlers.saml2.SAML2AuthenticationHandler" />
		<Handler
			class="org.picketlink.identity.federation.web.handlers.saml2.RolesGenerationHandler" />
		<Handler
			class="org.picketlink.identity.federation.web.handlers.saml2.SAML2SignatureGenerationHandler" />
		<Handler
			class="org.picketlink.identity.federation.web.handlers.saml2.SAML2SignatureValidationHandler" />
	</Handlers>
</PicketLink>