<PicketLink xmlns="urn:picketlink:identity-federation:config:2.1">
	<PicketLinkSP xmlns="urn:picketlink:identity-federation:config:2.1"
		ServerEnvironment="tomcat" BindingType="POST">
		<IdentityURL>${idp-sig.url::https://localhost:8443/idp-ssl/}
		</IdentityURL>
		<ServiceURL>${sales-post-sig.url::http://localhost:8080/sales-post-ssl/}
		</ServiceURL>
	</PicketLinkSP>
	<Handlers xmlns="urn:picketlink:identity-federation:handler:config:2.1">
		<Handler
			class="org.picketlink.identity.federation.web.handlers.saml2.SAML2LogOutHandler" />
		<Handler
			class="org.picketlink.identity.federation.web.handlers.saml2.SAML2AuthenticationHandler" />
		<Handler
			class="org.picketlink.identity.federation.web.handlers.saml2.RolesGenerationHandler" />
	</Handlers>
</PicketLink>
