<?xml version="1.0" encoding="UTF-8"?>
<jboss-web>
    <!-- You must have a security-domain configured in your JBoss EAP instance. The security-domain is necessary to provide user
    authentication and roles mappings. In this case,we need a specific JAAS LoginModule that knows how to extract user's information from a SAML Assertion previously
    issued by the Identity Provider. -->
    <security-domain>sp</security-domain>

    <!-- Here we just define the context path of the deployment. -->
    <context-root>employee-sig</context-root>

    <!-- You must configure one of the PicketLink Authenticators to get enable SAML-based SSO. Identity Providers and Service Providers
    have different authenticators. In this case we're configuring an Service Provider, so we authenticator above is required. -->
    <valve>
        <class-name>org.picketlink.identity.federation.bindings.tomcat.sp.ServiceProviderAuthenticator</class-name>
    </valve>
</jboss-web>
